--
-- PostgreSQL database dump
--

\restrict n0ZhvkN6JNNrqwc2orrA6Twv2PHbaoSHjOhnG9afvwh8xAxDefg5X9spEj0vEBD

-- Dumped from database version 18.1
-- Dumped by pg_dump version 18.1

SET statement_timeout = 0;
SET lock_timeout = 0;
SET idle_in_transaction_session_timeout = 0;
SET transaction_timeout = 0;
SET client_encoding = 'UTF8';
SET standard_conforming_strings = on;
SELECT pg_catalog.set_config('search_path', '', false);
SET check_function_bodies = false;
SET xmloption = content;
SET client_min_messages = warning;
SET row_security = off;

--
-- Data for Name: users; Type: TABLE DATA; Schema: public; Owner: root
--

COPY public.users (id, email, password_hash, is_verified, last_login_at, created_at, updated_at, deleted_at) FROM stdin;
a0eebc99-9c0b-4ef8-bb6d-6bb9bd380a11	demo@para.com	hashed_password_123	t	2026-01-19 13:44:36.457672	2026-01-19 13:44:36.457672	\N	\N
b0eebc99-9c0b-4ef8-bb6d-6bb9bd380b22	john.doe@example.com	hashed_password_456	t	2026-01-19 13:44:36.457672	2026-01-19 13:44:36.457672	\N	\N
\.


--
-- Data for Name: folders; Type: TABLE DATA; Schema: public; Owner: root
--

COPY public.folders (id, user_id, name, type, status, target_outcome, due_date, completed_at, created_at, updated_at, deleted_at) FROM stdin;
22222222-9c0b-4ef8-bb6d-6bb9bd380001	a0eebc99-9c0b-4ef8-bb6d-6bb9bd380a11	Website Redesign	PROJECT	ACTIVE	Launch new website v2.0	2026-02-18 13:44:36.457672	\N	2026-01-19 13:44:36.457672	\N	\N
22222222-9c0b-4ef8-bb6d-6bb9bd380002	a0eebc99-9c0b-4ef8-bb6d-6bb9bd380a11	Marathon Training	PROJECT	ACTIVE	Run sub-4hr marathon	2026-03-20 13:44:36.457672	\N	2026-01-19 13:44:36.457672	\N	\N
22222222-9c0b-4ef8-bb6d-6bb9bd380003	a0eebc99-9c0b-4ef8-bb6d-6bb9bd380a11	Q1 Report	PROJECT	INACTIVE	Complete financial analysis	2026-01-29 13:44:36.457672	\N	2026-01-19 13:44:36.457672	\N	\N
22222222-9c0b-4ef8-bb6d-6bb9bd380004	a0eebc99-9c0b-4ef8-bb6d-6bb9bd380a11	Health & Fitness	AREA	ACTIVE	\N	\N	\N	2026-01-19 13:44:36.457672	\N	\N
22222222-9c0b-4ef8-bb6d-6bb9bd380005	a0eebc99-9c0b-4ef8-bb6d-6bb9bd380a11	Finances	AREA	ACTIVE	\N	\N	\N	2026-01-19 13:44:36.457672	\N	\N
22222222-9c0b-4ef8-bb6d-6bb9bd380006	a0eebc99-9c0b-4ef8-bb6d-6bb9bd380a11	Car Maintenance	AREA	ACTIVE	\N	\N	\N	2026-01-19 13:44:36.457672	\N	\N
22222222-9c0b-4ef8-bb6d-6bb9bd380007	a0eebc99-9c0b-4ef8-bb6d-6bb9bd380a11	Cooking Recipes	RESOURCE	ACTIVE	\N	\N	\N	2026-01-19 13:44:36.457672	\N	\N
22222222-9c0b-4ef8-bb6d-6bb9bd380008	a0eebc99-9c0b-4ef8-bb6d-6bb9bd380a11	Web Dev Layouts	RESOURCE	ACTIVE	\N	\N	\N	2026-01-19 13:44:36.457672	\N	\N
22222222-9c0b-4ef8-bb6d-6bb9bd380009	a0eebc99-9c0b-4ef8-bb6d-6bb9bd380a11	Old Apartment Stuff	ARCHIVE	INACTIVE	\N	\N	\N	2026-01-19 13:44:36.457672	\N	\N
22222222-9c0b-4ef8-bb6d-6bb9bd380010	a0eebc99-9c0b-4ef8-bb6d-6bb9bd380a11	2023 Taxes	ARCHIVE	INACTIVE	\N	\N	\N	2026-01-19 13:44:36.457672	\N	\N
22222222-9c0b-4ef8-bb6d-6bb9bd380011	a0eebc99-9c0b-4ef8-bb6d-6bb9bd380a11	RESOURCE - Generated 1	RESOURCE	ACTIVE	\N	\N	\N	2026-01-19 13:44:36.457672	\N	\N
22222222-9c0b-4ef8-bb6d-6bb9bd380012	a0eebc99-9c0b-4ef8-bb6d-6bb9bd380a11	RESOURCE - Generated 2	RESOURCE	ACTIVE	\N	\N	\N	2026-01-19 13:44:36.457672	\N	\N
22222222-9c0b-4ef8-bb6d-6bb9bd380013	a0eebc99-9c0b-4ef8-bb6d-6bb9bd380a11	PROJECT - Generated 3	PROJECT	INACTIVE	Finish PROJECT - Generated 3	2026-01-27 13:44:36.457672	\N	2026-01-19 13:44:36.457672	\N	\N
22222222-9c0b-4ef8-bb6d-6bb9bd380014	a0eebc99-9c0b-4ef8-bb6d-6bb9bd380a11	AREA - Generated 4	AREA	ACTIVE	\N	\N	\N	2026-01-19 13:44:36.457672	\N	\N
22222222-9c0b-4ef8-bb6d-6bb9bd380015	a0eebc99-9c0b-4ef8-bb6d-6bb9bd380a11	ARCHIVE - Generated 5	ARCHIVE	INACTIVE	\N	\N	\N	2026-01-19 13:44:36.457672	\N	\N
22222222-9c0b-4ef8-bb6d-6bb9bd380016	a0eebc99-9c0b-4ef8-bb6d-6bb9bd380a11	AREA - Generated 6	AREA	ACTIVE	\N	\N	\N	2026-01-19 13:44:36.457672	\N	\N
22222222-9c0b-4ef8-bb6d-6bb9bd380017	a0eebc99-9c0b-4ef8-bb6d-6bb9bd380a11	RESOURCE - Generated 7	RESOURCE	INACTIVE	\N	\N	\N	2026-01-19 13:44:36.457672	\N	\N
22222222-9c0b-4ef8-bb6d-6bb9bd380018	a0eebc99-9c0b-4ef8-bb6d-6bb9bd380a11	ARCHIVE - Generated 8	ARCHIVE	INACTIVE	\N	\N	\N	2026-01-19 13:44:36.457672	\N	\N
22222222-9c0b-4ef8-bb6d-6bb9bd380019	a0eebc99-9c0b-4ef8-bb6d-6bb9bd380a11	ARCHIVE - Generated 9	ARCHIVE	INACTIVE	\N	\N	\N	2026-01-19 13:44:36.457672	\N	\N
22222222-9c0b-4ef8-bb6d-6bb9bd380020	a0eebc99-9c0b-4ef8-bb6d-6bb9bd380a11	PROJECT - Generated 10	PROJECT	INACTIVE	Finish PROJECT - Generated 10	2026-03-08 13:44:36.457672	\N	2026-01-19 13:44:36.457672	\N	\N
22222222-9c0b-4ef8-bb6d-6bb9bd380021	a0eebc99-9c0b-4ef8-bb6d-6bb9bd380a11	PROJECT - Generated 11	PROJECT	INACTIVE	Finish PROJECT - Generated 11	2026-02-23 13:44:36.457672	\N	2026-01-19 13:44:36.457672	\N	\N
22222222-9c0b-4ef8-bb6d-6bb9bd380022	a0eebc99-9c0b-4ef8-bb6d-6bb9bd380a11	RESOURCE - Generated 12	RESOURCE	ACTIVE	\N	\N	\N	2026-01-19 13:44:36.457672	\N	\N
22222222-9c0b-4ef8-bb6d-6bb9bd380023	a0eebc99-9c0b-4ef8-bb6d-6bb9bd380a11	RESOURCE - Generated 13	RESOURCE	INACTIVE	\N	\N	\N	2026-01-19 13:44:36.457672	\N	\N
22222222-9c0b-4ef8-bb6d-6bb9bd380024	a0eebc99-9c0b-4ef8-bb6d-6bb9bd380a11	PROJECT - Generated 14	PROJECT	INACTIVE	Finish PROJECT - Generated 14	2026-01-20 13:44:36.457672	\N	2026-01-19 13:44:36.457672	\N	\N
22222222-9c0b-4ef8-bb6d-6bb9bd380025	a0eebc99-9c0b-4ef8-bb6d-6bb9bd380a11	ARCHIVE - Generated 15	ARCHIVE	INACTIVE	\N	\N	\N	2026-01-19 13:44:36.457672	\N	\N
22222222-9c0b-4ef8-bb6d-6bb9bd380026	a0eebc99-9c0b-4ef8-bb6d-6bb9bd380a11	RESOURCE - Generated 16	RESOURCE	INACTIVE	\N	\N	\N	2026-01-19 13:44:36.457672	\N	\N
22222222-9c0b-4ef8-bb6d-6bb9bd380027	a0eebc99-9c0b-4ef8-bb6d-6bb9bd380a11	RESOURCE - Generated 17	RESOURCE	ACTIVE	\N	\N	\N	2026-01-19 13:44:36.457672	\N	\N
22222222-9c0b-4ef8-bb6d-6bb9bd380028	a0eebc99-9c0b-4ef8-bb6d-6bb9bd380a11	ARCHIVE - Generated 18	ARCHIVE	ACTIVE	\N	\N	\N	2026-01-19 13:44:36.457672	\N	\N
22222222-9c0b-4ef8-bb6d-6bb9bd380029	a0eebc99-9c0b-4ef8-bb6d-6bb9bd380a11	ARCHIVE - Generated 19	ARCHIVE	INACTIVE	\N	\N	\N	2026-01-19 13:44:36.457672	\N	\N
22222222-9c0b-4ef8-bb6d-6bb9bd380030	a0eebc99-9c0b-4ef8-bb6d-6bb9bd380a11	PROJECT - Generated 20	PROJECT	ACTIVE	Finish PROJECT - Generated 20	2026-03-14 13:44:36.457672	\N	2026-01-19 13:44:36.457672	\N	\N
22222222-9c0b-4ef8-bb6d-6bb9bd380031	a0eebc99-9c0b-4ef8-bb6d-6bb9bd380a11	ARCHIVE - Generated 21	ARCHIVE	INACTIVE	\N	\N	\N	2026-01-19 13:44:36.457672	\N	\N
22222222-9c0b-4ef8-bb6d-6bb9bd380032	a0eebc99-9c0b-4ef8-bb6d-6bb9bd380a11	ARCHIVE - Generated 22	ARCHIVE	ACTIVE	\N	\N	\N	2026-01-19 13:44:36.457672	\N	\N
22222222-9c0b-4ef8-bb6d-6bb9bd380033	a0eebc99-9c0b-4ef8-bb6d-6bb9bd380a11	AREA - Generated 23	AREA	INACTIVE	\N	\N	\N	2026-01-19 13:44:36.457672	\N	\N
22222222-9c0b-4ef8-bb6d-6bb9bd380034	a0eebc99-9c0b-4ef8-bb6d-6bb9bd380a11	AREA - Generated 24	AREA	INACTIVE	\N	\N	\N	2026-01-19 13:44:36.457672	\N	\N
22222222-9c0b-4ef8-bb6d-6bb9bd380035	a0eebc99-9c0b-4ef8-bb6d-6bb9bd380a11	AREA - Generated 25	AREA	INACTIVE	\N	\N	\N	2026-01-19 13:44:36.457672	\N	\N
22222222-9c0b-4ef8-bb6d-6bb9bd380036	a0eebc99-9c0b-4ef8-bb6d-6bb9bd380a11	PROJECT - Generated 26	PROJECT	INACTIVE	Finish PROJECT - Generated 26	2026-02-13 13:44:36.457672	\N	2026-01-19 13:44:36.457672	\N	\N
22222222-9c0b-4ef8-bb6d-6bb9bd380037	a0eebc99-9c0b-4ef8-bb6d-6bb9bd380a11	AREA - Generated 27	AREA	ACTIVE	\N	\N	\N	2026-01-19 13:44:36.457672	\N	\N
22222222-9c0b-4ef8-bb6d-6bb9bd380038	a0eebc99-9c0b-4ef8-bb6d-6bb9bd380a11	AREA - Generated 28	AREA	ACTIVE	\N	\N	\N	2026-01-19 13:44:36.457672	\N	\N
22222222-9c0b-4ef8-bb6d-6bb9bd380039	a0eebc99-9c0b-4ef8-bb6d-6bb9bd380a11	PROJECT - Generated 29	PROJECT	ACTIVE	Finish PROJECT - Generated 29	2026-01-25 13:44:36.457672	\N	2026-01-19 13:44:36.457672	\N	\N
22222222-9c0b-4ef8-bb6d-6bb9bd380040	a0eebc99-9c0b-4ef8-bb6d-6bb9bd380a11	AREA - Generated 30	AREA	ACTIVE	\N	\N	\N	2026-01-19 13:44:36.457672	\N	\N
22222222-9c0b-4ef8-bb6d-6bb9bd380041	a0eebc99-9c0b-4ef8-bb6d-6bb9bd380a11	RESOURCE - Generated 31	RESOURCE	ACTIVE	\N	\N	\N	2026-01-19 13:44:36.457672	\N	\N
22222222-9c0b-4ef8-bb6d-6bb9bd380042	a0eebc99-9c0b-4ef8-bb6d-6bb9bd380a11	ARCHIVE - Generated 32	ARCHIVE	ACTIVE	\N	\N	\N	2026-01-19 13:44:36.457672	\N	\N
22222222-9c0b-4ef8-bb6d-6bb9bd380043	a0eebc99-9c0b-4ef8-bb6d-6bb9bd380a11	ARCHIVE - Generated 33	ARCHIVE	ACTIVE	\N	\N	\N	2026-01-19 13:44:36.457672	\N	\N
22222222-9c0b-4ef8-bb6d-6bb9bd380044	a0eebc99-9c0b-4ef8-bb6d-6bb9bd380a11	ARCHIVE - Generated 34	ARCHIVE	INACTIVE	\N	\N	\N	2026-01-19 13:44:36.457672	\N	\N
22222222-9c0b-4ef8-bb6d-6bb9bd380045	a0eebc99-9c0b-4ef8-bb6d-6bb9bd380a11	ARCHIVE - Generated 35	ARCHIVE	ACTIVE	\N	\N	\N	2026-01-19 13:44:36.457672	\N	\N
22222222-9c0b-4ef8-bb6d-6bb9bd380046	a0eebc99-9c0b-4ef8-bb6d-6bb9bd380a11	AREA - Generated 36	AREA	ACTIVE	\N	\N	\N	2026-01-19 13:44:36.457672	\N	\N
22222222-9c0b-4ef8-bb6d-6bb9bd380047	a0eebc99-9c0b-4ef8-bb6d-6bb9bd380a11	ARCHIVE - Generated 37	ARCHIVE	ACTIVE	\N	\N	\N	2026-01-19 13:44:36.457672	\N	\N
22222222-9c0b-4ef8-bb6d-6bb9bd380048	a0eebc99-9c0b-4ef8-bb6d-6bb9bd380a11	ARCHIVE - Generated 38	ARCHIVE	INACTIVE	\N	\N	\N	2026-01-19 13:44:36.457672	\N	\N
22222222-9c0b-4ef8-bb6d-6bb9bd380049	a0eebc99-9c0b-4ef8-bb6d-6bb9bd380a11	RESOURCE - Generated 39	RESOURCE	ACTIVE	\N	\N	\N	2026-01-19 13:44:36.457672	\N	\N
22222222-9c0b-4ef8-bb6d-6bb9bd380050	a0eebc99-9c0b-4ef8-bb6d-6bb9bd380a11	RESOURCE - Generated 40	RESOURCE	INACTIVE	\N	\N	\N	2026-01-19 13:44:36.457672	\N	\N
\.


--
-- Data for Name: notes; Type: TABLE DATA; Schema: public; Owner: root
--

COPY public.notes (id, folder_id, title, distill_level, source_url, version, last_interacted_at, created_at, updated_at, deleted_at) FROM stdin;
33333333-9c0b-4ef8-bb6d-6bb9bd380001	22222222-9c0b-4ef8-bb6d-6bb9bd380001	Homepage Hero Ideas	1	\N	1	\N	2026-01-19 13:44:36.457672	\N	\N
33333333-9c0b-4ef8-bb6d-6bb9bd380002	22222222-9c0b-4ef8-bb6d-6bb9bd380001	Competitor Analysis	2	\N	1	\N	2026-01-19 13:44:36.457672	\N	\N
33333333-9c0b-4ef8-bb6d-6bb9bd380003	22222222-9c0b-4ef8-bb6d-6bb9bd380002	Training Schedule Week 1-4	1	\N	1	\N	2026-01-19 13:44:36.457672	\N	\N
33333333-9c0b-4ef8-bb6d-6bb9bd380004	22222222-9c0b-4ef8-bb6d-6bb9bd380007	Best Pasta Carbonara	1	\N	1	\N	2026-01-19 13:44:36.457672	\N	\N
33333333-9c0b-4ef8-bb6d-6bb9bd380005	22222222-9c0b-4ef8-bb6d-6bb9bd380008	Flexbox Cheatsheet	3	\N	1	\N	2026-01-19 13:44:36.457672	\N	\N
33333333-9c0b-4ef8-bb6d-6bb9bd380006	22222222-9c0b-4ef8-bb6d-6bb9bd380048	Generated Note 1	2	\N	1	\N	2026-01-19 13:44:36.457672	\N	\N
33333333-9c0b-4ef8-bb6d-6bb9bd380007	22222222-9c0b-4ef8-bb6d-6bb9bd380003	Generated Note 2	1	\N	1	\N	2026-01-19 13:44:36.457672	\N	\N
33333333-9c0b-4ef8-bb6d-6bb9bd380008	22222222-9c0b-4ef8-bb6d-6bb9bd380043	Generated Note 3	3	\N	1	\N	2026-01-19 13:44:36.457672	\N	\N
33333333-9c0b-4ef8-bb6d-6bb9bd380009	22222222-9c0b-4ef8-bb6d-6bb9bd380036	Generated Note 4	1	\N	1	\N	2026-01-19 13:44:36.457672	\N	\N
33333333-9c0b-4ef8-bb6d-6bb9bd380010	22222222-9c0b-4ef8-bb6d-6bb9bd380017	Generated Note 5	3	\N	1	\N	2026-01-19 13:44:36.457672	\N	\N
33333333-9c0b-4ef8-bb6d-6bb9bd380011	22222222-9c0b-4ef8-bb6d-6bb9bd380038	Generated Note 6	2	\N	1	\N	2026-01-19 13:44:36.457672	\N	\N
33333333-9c0b-4ef8-bb6d-6bb9bd380012	22222222-9c0b-4ef8-bb6d-6bb9bd380028	Generated Note 7	1	\N	1	\N	2026-01-19 13:44:36.457672	\N	\N
33333333-9c0b-4ef8-bb6d-6bb9bd380013	22222222-9c0b-4ef8-bb6d-6bb9bd380022	Generated Note 8	3	\N	1	\N	2026-01-19 13:44:36.457672	\N	\N
33333333-9c0b-4ef8-bb6d-6bb9bd380014	22222222-9c0b-4ef8-bb6d-6bb9bd380028	Generated Note 9	2	\N	1	\N	2026-01-19 13:44:36.457672	\N	\N
33333333-9c0b-4ef8-bb6d-6bb9bd380015	22222222-9c0b-4ef8-bb6d-6bb9bd380050	Generated Note 10	3	\N	1	\N	2026-01-19 13:44:36.457672	\N	\N
33333333-9c0b-4ef8-bb6d-6bb9bd380016	22222222-9c0b-4ef8-bb6d-6bb9bd380021	Generated Note 11	3	\N	1	\N	2026-01-19 13:44:36.457672	\N	\N
33333333-9c0b-4ef8-bb6d-6bb9bd380017	22222222-9c0b-4ef8-bb6d-6bb9bd380002	Generated Note 12	3	\N	1	\N	2026-01-19 13:44:36.457672	\N	\N
33333333-9c0b-4ef8-bb6d-6bb9bd380018	22222222-9c0b-4ef8-bb6d-6bb9bd380003	Generated Note 13	2	\N	1	\N	2026-01-19 13:44:36.457672	\N	\N
33333333-9c0b-4ef8-bb6d-6bb9bd380019	22222222-9c0b-4ef8-bb6d-6bb9bd380009	Generated Note 14	3	\N	1	\N	2026-01-19 13:44:36.457672	\N	\N
33333333-9c0b-4ef8-bb6d-6bb9bd380020	22222222-9c0b-4ef8-bb6d-6bb9bd380004	Generated Note 15	1	\N	1	\N	2026-01-19 13:44:36.457672	\N	\N
33333333-9c0b-4ef8-bb6d-6bb9bd380021	22222222-9c0b-4ef8-bb6d-6bb9bd380037	Generated Note 16	2	\N	1	\N	2026-01-19 13:44:36.457672	\N	\N
33333333-9c0b-4ef8-bb6d-6bb9bd380022	22222222-9c0b-4ef8-bb6d-6bb9bd380011	Generated Note 17	3	\N	1	\N	2026-01-19 13:44:36.457672	\N	\N
33333333-9c0b-4ef8-bb6d-6bb9bd380023	22222222-9c0b-4ef8-bb6d-6bb9bd380037	Generated Note 18	2	\N	1	\N	2026-01-19 13:44:36.457672	\N	\N
33333333-9c0b-4ef8-bb6d-6bb9bd380024	22222222-9c0b-4ef8-bb6d-6bb9bd380023	Generated Note 19	2	\N	1	\N	2026-01-19 13:44:36.457672	\N	\N
33333333-9c0b-4ef8-bb6d-6bb9bd380025	22222222-9c0b-4ef8-bb6d-6bb9bd380049	Generated Note 20	1	\N	1	\N	2026-01-19 13:44:36.457672	\N	\N
33333333-9c0b-4ef8-bb6d-6bb9bd380026	22222222-9c0b-4ef8-bb6d-6bb9bd380021	Generated Note 21	2	\N	1	\N	2026-01-19 13:44:36.457672	\N	\N
33333333-9c0b-4ef8-bb6d-6bb9bd380027	22222222-9c0b-4ef8-bb6d-6bb9bd380025	Generated Note 22	3	\N	1	\N	2026-01-19 13:44:36.457672	\N	\N
33333333-9c0b-4ef8-bb6d-6bb9bd380028	22222222-9c0b-4ef8-bb6d-6bb9bd380017	Generated Note 23	3	\N	1	\N	2026-01-19 13:44:36.457672	\N	\N
33333333-9c0b-4ef8-bb6d-6bb9bd380029	22222222-9c0b-4ef8-bb6d-6bb9bd380030	Generated Note 24	3	\N	1	\N	2026-01-19 13:44:36.457672	\N	\N
33333333-9c0b-4ef8-bb6d-6bb9bd380030	22222222-9c0b-4ef8-bb6d-6bb9bd380028	Generated Note 25	1	\N	1	\N	2026-01-19 13:44:36.457672	\N	\N
33333333-9c0b-4ef8-bb6d-6bb9bd380031	22222222-9c0b-4ef8-bb6d-6bb9bd380044	Generated Note 26	3	\N	1	\N	2026-01-19 13:44:36.457672	\N	\N
33333333-9c0b-4ef8-bb6d-6bb9bd380032	22222222-9c0b-4ef8-bb6d-6bb9bd380007	Generated Note 27	2	\N	1	\N	2026-01-19 13:44:36.457672	\N	\N
33333333-9c0b-4ef8-bb6d-6bb9bd380033	22222222-9c0b-4ef8-bb6d-6bb9bd380013	Generated Note 28	2	\N	1	\N	2026-01-19 13:44:36.457672	\N	\N
33333333-9c0b-4ef8-bb6d-6bb9bd380034	22222222-9c0b-4ef8-bb6d-6bb9bd380018	Generated Note 29	3	\N	1	\N	2026-01-19 13:44:36.457672	\N	\N
33333333-9c0b-4ef8-bb6d-6bb9bd380035	22222222-9c0b-4ef8-bb6d-6bb9bd380012	Generated Note 30	1	\N	1	\N	2026-01-19 13:44:36.457672	\N	\N
33333333-9c0b-4ef8-bb6d-6bb9bd380036	22222222-9c0b-4ef8-bb6d-6bb9bd380014	Generated Note 31	2	\N	1	\N	2026-01-19 13:44:36.457672	\N	\N
33333333-9c0b-4ef8-bb6d-6bb9bd380037	22222222-9c0b-4ef8-bb6d-6bb9bd380013	Generated Note 32	1	\N	1	\N	2026-01-19 13:44:36.457672	\N	\N
33333333-9c0b-4ef8-bb6d-6bb9bd380038	22222222-9c0b-4ef8-bb6d-6bb9bd380042	Generated Note 33	3	\N	1	\N	2026-01-19 13:44:36.457672	\N	\N
33333333-9c0b-4ef8-bb6d-6bb9bd380039	22222222-9c0b-4ef8-bb6d-6bb9bd380020	Generated Note 34	1	\N	1	\N	2026-01-19 13:44:36.457672	\N	\N
33333333-9c0b-4ef8-bb6d-6bb9bd380040	22222222-9c0b-4ef8-bb6d-6bb9bd380020	Generated Note 35	1	\N	1	\N	2026-01-19 13:44:36.457672	\N	\N
33333333-9c0b-4ef8-bb6d-6bb9bd380041	22222222-9c0b-4ef8-bb6d-6bb9bd380001	Generated Note 36	2	\N	1	\N	2026-01-19 13:44:36.457672	\N	\N
33333333-9c0b-4ef8-bb6d-6bb9bd380042	22222222-9c0b-4ef8-bb6d-6bb9bd380025	Generated Note 37	2	\N	1	\N	2026-01-19 13:44:36.457672	\N	\N
33333333-9c0b-4ef8-bb6d-6bb9bd380043	22222222-9c0b-4ef8-bb6d-6bb9bd380023	Generated Note 38	3	\N	1	\N	2026-01-19 13:44:36.457672	\N	\N
33333333-9c0b-4ef8-bb6d-6bb9bd380044	22222222-9c0b-4ef8-bb6d-6bb9bd380004	Generated Note 39	3	\N	1	\N	2026-01-19 13:44:36.457672	\N	\N
33333333-9c0b-4ef8-bb6d-6bb9bd380045	22222222-9c0b-4ef8-bb6d-6bb9bd380010	Generated Note 40	2	\N	1	\N	2026-01-19 13:44:36.457672	\N	\N
33333333-9c0b-4ef8-bb6d-6bb9bd380046	22222222-9c0b-4ef8-bb6d-6bb9bd380023	Generated Note 41	3	\N	1	\N	2026-01-19 13:44:36.457672	\N	\N
33333333-9c0b-4ef8-bb6d-6bb9bd380047	22222222-9c0b-4ef8-bb6d-6bb9bd380024	Generated Note 42	3	\N	1	\N	2026-01-19 13:44:36.457672	\N	\N
33333333-9c0b-4ef8-bb6d-6bb9bd380048	22222222-9c0b-4ef8-bb6d-6bb9bd380020	Generated Note 43	1	\N	1	\N	2026-01-19 13:44:36.457672	\N	\N
33333333-9c0b-4ef8-bb6d-6bb9bd380049	22222222-9c0b-4ef8-bb6d-6bb9bd380002	Generated Note 44	3	\N	1	\N	2026-01-19 13:44:36.457672	\N	\N
33333333-9c0b-4ef8-bb6d-6bb9bd380050	22222222-9c0b-4ef8-bb6d-6bb9bd380018	Generated Note 45	2	\N	1	\N	2026-01-19 13:44:36.457672	\N	\N
33333333-9c0b-4ef8-bb6d-6bb9bd380051	22222222-9c0b-4ef8-bb6d-6bb9bd380016	Generated Note 46	3	\N	1	\N	2026-01-19 13:44:36.457672	\N	\N
33333333-9c0b-4ef8-bb6d-6bb9bd380052	22222222-9c0b-4ef8-bb6d-6bb9bd380050	Generated Note 47	2	\N	1	\N	2026-01-19 13:44:36.457672	\N	\N
33333333-9c0b-4ef8-bb6d-6bb9bd380053	22222222-9c0b-4ef8-bb6d-6bb9bd380035	Generated Note 48	1	\N	1	\N	2026-01-19 13:44:36.457672	\N	\N
33333333-9c0b-4ef8-bb6d-6bb9bd380054	22222222-9c0b-4ef8-bb6d-6bb9bd380048	Generated Note 49	3	\N	1	\N	2026-01-19 13:44:36.457672	\N	\N
33333333-9c0b-4ef8-bb6d-6bb9bd380055	22222222-9c0b-4ef8-bb6d-6bb9bd380043	Generated Note 50	1	\N	1	\N	2026-01-19 13:44:36.457672	\N	\N
\.


--
-- Data for Name: note_blocks; Type: TABLE DATA; Schema: public; Owner: root
--

COPY public.note_blocks (id, note_id, block_type, content, "position", created_at) FROM stdin;
3710e024-3b8d-4e78-a1ba-976f3d110730	33333333-9c0b-4ef8-bb6d-6bb9bd380001	header	{"text": "Main Headline Options"}	1	2026-01-19 13:44:36.457672
4684b67f-c562-4a1b-97bf-13c652482850	33333333-9c0b-4ef8-bb6d-6bb9bd380001	paragraph	{"text": "Option 1: Build Faster. Option 2: The Future of PARA."}	2	2026-01-19 13:44:36.457672
080d281a-8d3c-4ce6-9cdb-97c389ddeb5b	33333333-9c0b-4ef8-bb6d-6bb9bd380004	list	{"items": ["Guanciale", "Pecorino", "Eggs", "Pepper"]}	1	2026-01-19 13:44:36.457672
8c36718c-2430-4f6e-83d5-95bef2f801e0	33333333-9c0b-4ef8-bb6d-6bb9bd380006	quote	{}	1	2026-01-19 13:44:36.457672
4f4d3c0c-8039-438b-bb7b-f92f69be2ef7	33333333-9c0b-4ef8-bb6d-6bb9bd380006	code	{}	2	2026-01-19 13:44:36.457672
8402f071-8e0e-4857-8d7e-bcbfe23c34be	33333333-9c0b-4ef8-bb6d-6bb9bd380006	header	{"text": "Header 3"}	3	2026-01-19 13:44:36.457672
368fac29-f9d4-4135-ac95-cb0f74d00469	33333333-9c0b-4ef8-bb6d-6bb9bd380007	code	{}	1	2026-01-19 13:44:36.457672
d6fb073a-a9af-45ef-9ece-8ee16ec4631e	33333333-9c0b-4ef8-bb6d-6bb9bd380007	header	{"text": "Header 2"}	2	2026-01-19 13:44:36.457672
407549f8-0a4d-48e3-95a9-fb4b78de02b3	33333333-9c0b-4ef8-bb6d-6bb9bd380007	header	{"text": "Header 3"}	3	2026-01-19 13:44:36.457672
41cc7ac7-09d6-4b05-86c5-c71fc00d28b7	33333333-9c0b-4ef8-bb6d-6bb9bd380008	paragraph	{"text": "This is some random text content for block 1."}	1	2026-01-19 13:44:36.457672
ee25df68-8365-4203-b972-299c4c2f4a57	33333333-9c0b-4ef8-bb6d-6bb9bd380008	code	{}	2	2026-01-19 13:44:36.457672
c00c8051-e217-4f0a-bb80-fafd78dfcf13	33333333-9c0b-4ef8-bb6d-6bb9bd380008	code	{}	3	2026-01-19 13:44:36.457672
38ee81e8-71ed-4cf7-b92a-d03a078e62ed	33333333-9c0b-4ef8-bb6d-6bb9bd380009	list	{"items": ["Item A", "Item B", "Item C"]}	1	2026-01-19 13:44:36.457672
a5e188ee-fbdd-4ab2-bd24-f51b3d8f79a2	33333333-9c0b-4ef8-bb6d-6bb9bd380009	code	{}	2	2026-01-19 13:44:36.457672
b817ad5b-dd21-40a8-bfb8-45a1d9605ffa	33333333-9c0b-4ef8-bb6d-6bb9bd380009	header	{"text": "Header 3"}	3	2026-01-19 13:44:36.457672
e5d93aa8-1344-4932-a81c-34c121f568e9	33333333-9c0b-4ef8-bb6d-6bb9bd380010	header	{"text": "Header 1"}	1	2026-01-19 13:44:36.457672
a87a2979-67df-460a-9593-690db392a6ad	33333333-9c0b-4ef8-bb6d-6bb9bd380011	code	{}	1	2026-01-19 13:44:36.457672
5d45501e-e2a4-42f3-bb14-bae90742693d	33333333-9c0b-4ef8-bb6d-6bb9bd380012	quote	{}	1	2026-01-19 13:44:36.457672
cac27233-03a1-4096-bf8b-c548a5b10390	33333333-9c0b-4ef8-bb6d-6bb9bd380012	list	{"items": ["Item A", "Item B", "Item C"]}	2	2026-01-19 13:44:36.457672
8115f0ff-5c09-48f4-9c32-25264f83b529	33333333-9c0b-4ef8-bb6d-6bb9bd380012	list	{"items": ["Item A", "Item B", "Item C"]}	3	2026-01-19 13:44:36.457672
9b55de20-4b36-4a9b-b589-1cf38047c17a	33333333-9c0b-4ef8-bb6d-6bb9bd380013	header	{"text": "Header 1"}	1	2026-01-19 13:44:36.457672
7467bb48-3441-47a3-91ea-78e753e36634	33333333-9c0b-4ef8-bb6d-6bb9bd380013	code	{}	2	2026-01-19 13:44:36.457672
b1a4d606-9f0a-46fe-82f8-55a589eb8478	33333333-9c0b-4ef8-bb6d-6bb9bd380013	quote	{}	3	2026-01-19 13:44:36.457672
b5fe21f4-a0d8-4f8b-a182-5116972b71e2	33333333-9c0b-4ef8-bb6d-6bb9bd380014	quote	{}	1	2026-01-19 13:44:36.457672
42d1a7f7-4897-488e-bb3e-2fcda32273ea	33333333-9c0b-4ef8-bb6d-6bb9bd380014	code	{}	2	2026-01-19 13:44:36.457672
abd12469-fbda-4fea-b440-392718c35d96	33333333-9c0b-4ef8-bb6d-6bb9bd380015	code	{}	1	2026-01-19 13:44:36.457672
a123f0f9-c19d-475f-bfe5-eee833b7012a	33333333-9c0b-4ef8-bb6d-6bb9bd380015	quote	{}	2	2026-01-19 13:44:36.457672
84c65343-3c50-407c-bd6b-1792b50f1fe5	33333333-9c0b-4ef8-bb6d-6bb9bd380015	list	{"items": ["Item A", "Item B", "Item C"]}	3	2026-01-19 13:44:36.457672
b65778ce-acb6-4b96-9ac1-ba2eb22c3992	33333333-9c0b-4ef8-bb6d-6bb9bd380016	paragraph	{"text": "This is some random text content for block 1."}	1	2026-01-19 13:44:36.457672
162e0b44-5b73-4b9c-bbc0-450837c7e58b	33333333-9c0b-4ef8-bb6d-6bb9bd380016	paragraph	{"text": "This is some random text content for block 2."}	2	2026-01-19 13:44:36.457672
90da6f38-3383-4a33-bee1-540ad6c24313	33333333-9c0b-4ef8-bb6d-6bb9bd380017	quote	{}	1	2026-01-19 13:44:36.457672
d1f4fcf6-5470-437e-a29d-8e52c5968194	33333333-9c0b-4ef8-bb6d-6bb9bd380017	header	{"text": "Header 2"}	2	2026-01-19 13:44:36.457672
0c69c22b-d373-4a71-b1be-173509fcf45a	33333333-9c0b-4ef8-bb6d-6bb9bd380017	paragraph	{"text": "This is some random text content for block 3."}	3	2026-01-19 13:44:36.457672
140217d4-1577-4410-b1bc-320349ba8eeb	33333333-9c0b-4ef8-bb6d-6bb9bd380018	paragraph	{"text": "This is some random text content for block 1."}	1	2026-01-19 13:44:36.457672
b7e67a59-c200-4d79-a633-e96df4cb2fe4	33333333-9c0b-4ef8-bb6d-6bb9bd380019	header	{"text": "Header 1"}	1	2026-01-19 13:44:36.457672
b3a4b2d1-86f0-4711-9f1b-337988a51c15	33333333-9c0b-4ef8-bb6d-6bb9bd380019	quote	{}	2	2026-01-19 13:44:36.457672
f4202ae8-de8a-44c8-99e2-4b1be3ba724d	33333333-9c0b-4ef8-bb6d-6bb9bd380020	list	{"items": ["Item A", "Item B", "Item C"]}	1	2026-01-19 13:44:36.457672
260ada3a-fa81-484e-ac6c-e67190a8e6a3	33333333-9c0b-4ef8-bb6d-6bb9bd380020	list	{"items": ["Item A", "Item B", "Item C"]}	2	2026-01-19 13:44:36.457672
0363c76b-ec22-4f83-b021-d5f977342bc6	33333333-9c0b-4ef8-bb6d-6bb9bd380020	quote	{}	3	2026-01-19 13:44:36.457672
bf4ac0c6-729d-456c-8587-448868c2090b	33333333-9c0b-4ef8-bb6d-6bb9bd380021	quote	{}	1	2026-01-19 13:44:36.457672
a5a231f1-24a1-40ed-8c24-0c25305c91f1	33333333-9c0b-4ef8-bb6d-6bb9bd380021	quote	{}	2	2026-01-19 13:44:36.457672
83e8cb25-4496-4b32-8827-58dd9454c47d	33333333-9c0b-4ef8-bb6d-6bb9bd380022	quote	{}	1	2026-01-19 13:44:36.457672
abbdce42-7a08-4e18-bc1f-f401a2fcfd3c	33333333-9c0b-4ef8-bb6d-6bb9bd380022	quote	{}	2	2026-01-19 13:44:36.457672
1e6f1787-ff53-4915-9a94-d1569ae38c29	33333333-9c0b-4ef8-bb6d-6bb9bd380022	code	{}	3	2026-01-19 13:44:36.457672
63977376-3dba-4d16-a0a7-ced383b9c53d	33333333-9c0b-4ef8-bb6d-6bb9bd380023	code	{}	1	2026-01-19 13:44:36.457672
13ae9d60-31ec-45cb-975b-cf9455e94e1f	33333333-9c0b-4ef8-bb6d-6bb9bd380023	header	{"text": "Header 2"}	2	2026-01-19 13:44:36.457672
8ec9bd8c-1378-4791-b6f1-e69a7f0f0a8f	33333333-9c0b-4ef8-bb6d-6bb9bd380023	code	{}	3	2026-01-19 13:44:36.457672
0bee85cc-9f55-4026-b016-a5b4ba7cb7e4	33333333-9c0b-4ef8-bb6d-6bb9bd380024	list	{"items": ["Item A", "Item B", "Item C"]}	1	2026-01-19 13:44:36.457672
6a2ab1bd-58e7-4f72-a469-df2dd7b68699	33333333-9c0b-4ef8-bb6d-6bb9bd380025	header	{"text": "Header 1"}	1	2026-01-19 13:44:36.457672
75f4ff42-e9b7-4979-a6d4-8b77fd089358	33333333-9c0b-4ef8-bb6d-6bb9bd380026	header	{"text": "Header 1"}	1	2026-01-19 13:44:36.457672
03637d36-b758-41b2-92b5-dc4dbbdab5a4	33333333-9c0b-4ef8-bb6d-6bb9bd380026	quote	{}	2	2026-01-19 13:44:36.457672
feea11f1-9fcd-457c-81cd-2db101fb6937	33333333-9c0b-4ef8-bb6d-6bb9bd380027	list	{"items": ["Item A", "Item B", "Item C"]}	1	2026-01-19 13:44:36.457672
a6d1d6d0-737c-462e-b12c-eaca8c99f216	33333333-9c0b-4ef8-bb6d-6bb9bd380027	paragraph	{"text": "This is some random text content for block 2."}	2	2026-01-19 13:44:36.457672
f1c943f8-69f6-493d-8a83-92272ff014e3	33333333-9c0b-4ef8-bb6d-6bb9bd380027	header	{"text": "Header 3"}	3	2026-01-19 13:44:36.457672
472e3cdb-0cb7-47f9-976d-2934328168d3	33333333-9c0b-4ef8-bb6d-6bb9bd380028	header	{"text": "Header 1"}	1	2026-01-19 13:44:36.457672
6dd93a8e-41f4-4629-836c-50701599358b	33333333-9c0b-4ef8-bb6d-6bb9bd380028	code	{}	2	2026-01-19 13:44:36.457672
014e049f-47cb-4d68-822a-835d83a997d1	33333333-9c0b-4ef8-bb6d-6bb9bd380028	list	{"items": ["Item A", "Item B", "Item C"]}	3	2026-01-19 13:44:36.457672
e3500fb2-a2ff-40f4-af07-c14b6a29891e	33333333-9c0b-4ef8-bb6d-6bb9bd380029	quote	{}	1	2026-01-19 13:44:36.457672
f2222baf-4901-4aaa-b114-d6a1c573edaf	33333333-9c0b-4ef8-bb6d-6bb9bd380029	quote	{}	2	2026-01-19 13:44:36.457672
9c6a83d6-10fa-48f1-b679-a35d79fbaa1a	33333333-9c0b-4ef8-bb6d-6bb9bd380029	list	{"items": ["Item A", "Item B", "Item C"]}	3	2026-01-19 13:44:36.457672
18de50c6-eee4-469b-8b08-3aba14dfc576	33333333-9c0b-4ef8-bb6d-6bb9bd380030	paragraph	{"text": "This is some random text content for block 1."}	1	2026-01-19 13:44:36.457672
f8e6ffb6-5e8e-424a-b767-696f27c985e1	33333333-9c0b-4ef8-bb6d-6bb9bd380030	code	{}	2	2026-01-19 13:44:36.457672
e7f49e51-9e7f-4373-85a9-ac6d2cad78c6	33333333-9c0b-4ef8-bb6d-6bb9bd380031	header	{"text": "Header 1"}	1	2026-01-19 13:44:36.457672
6ec6a63b-316e-4717-9ddc-788b501bf119	33333333-9c0b-4ef8-bb6d-6bb9bd380031	list	{"items": ["Item A", "Item B", "Item C"]}	2	2026-01-19 13:44:36.457672
86ee98fa-c856-46ce-8127-cced6a065d33	33333333-9c0b-4ef8-bb6d-6bb9bd380032	paragraph	{"text": "This is some random text content for block 1."}	1	2026-01-19 13:44:36.457672
f326998d-81ec-4c4b-b90f-4683d3fb84c8	33333333-9c0b-4ef8-bb6d-6bb9bd380032	quote	{}	2	2026-01-19 13:44:36.457672
aae1ec80-e053-443d-b6cc-66952a3c7504	33333333-9c0b-4ef8-bb6d-6bb9bd380032	header	{"text": "Header 3"}	3	2026-01-19 13:44:36.457672
4c9c1f12-47e2-4976-a1d6-3e2fd0926e71	33333333-9c0b-4ef8-bb6d-6bb9bd380033	code	{}	1	2026-01-19 13:44:36.457672
4f6dd8c6-d1a6-486f-bd98-42be2b0eb7d1	33333333-9c0b-4ef8-bb6d-6bb9bd380033	code	{}	2	2026-01-19 13:44:36.457672
e3f21e8e-eeb5-43b8-8ef0-0bf51fef74b5	33333333-9c0b-4ef8-bb6d-6bb9bd380034	quote	{}	1	2026-01-19 13:44:36.457672
067b17c9-e0dd-43bb-85b9-cf5e39bb6797	33333333-9c0b-4ef8-bb6d-6bb9bd380035	list	{"items": ["Item A", "Item B", "Item C"]}	1	2026-01-19 13:44:36.457672
aefbee01-967b-4e3f-a17a-9fe7f1d1754a	33333333-9c0b-4ef8-bb6d-6bb9bd380036	paragraph	{"text": "This is some random text content for block 1."}	1	2026-01-19 13:44:36.457672
e85597c5-63ae-4799-b861-b114c8538150	33333333-9c0b-4ef8-bb6d-6bb9bd380036	quote	{}	2	2026-01-19 13:44:36.457672
36ef6083-38b5-4b8a-8697-6637e2aa4fec	33333333-9c0b-4ef8-bb6d-6bb9bd380037	quote	{}	1	2026-01-19 13:44:36.457672
9e6eede9-d01d-409d-ac5c-48a484c18734	33333333-9c0b-4ef8-bb6d-6bb9bd380038	list	{"items": ["Item A", "Item B", "Item C"]}	1	2026-01-19 13:44:36.457672
ec5b261f-efce-46b5-b752-52c1234f3049	33333333-9c0b-4ef8-bb6d-6bb9bd380038	paragraph	{"text": "This is some random text content for block 2."}	2	2026-01-19 13:44:36.457672
f3a5e26b-8337-487b-bcb4-27885945b237	33333333-9c0b-4ef8-bb6d-6bb9bd380039	header	{"text": "Header 1"}	1	2026-01-19 13:44:36.457672
70f0a42d-7721-46fc-9851-9e3b5ffda1c2	33333333-9c0b-4ef8-bb6d-6bb9bd380039	paragraph	{"text": "This is some random text content for block 2."}	2	2026-01-19 13:44:36.457672
a5358d05-5c91-446e-adfa-210158b80874	33333333-9c0b-4ef8-bb6d-6bb9bd380040	paragraph	{"text": "This is some random text content for block 1."}	1	2026-01-19 13:44:36.457672
691f82bd-f7d9-49c2-9266-3aaf55eb8d05	33333333-9c0b-4ef8-bb6d-6bb9bd380041	list	{"items": ["Item A", "Item B", "Item C"]}	1	2026-01-19 13:44:36.457672
3e94c9c5-ca80-44a4-8639-4dcd38ac5bf7	33333333-9c0b-4ef8-bb6d-6bb9bd380041	code	{}	2	2026-01-19 13:44:36.457672
4b055cab-0b40-4413-9793-92a800ba5505	33333333-9c0b-4ef8-bb6d-6bb9bd380041	quote	{}	3	2026-01-19 13:44:36.457672
cd190331-6824-4245-88e7-03f049f2adf9	33333333-9c0b-4ef8-bb6d-6bb9bd380042	quote	{}	1	2026-01-19 13:44:36.457672
7ce7fba6-9e85-43c7-a02d-e363a48d24e2	33333333-9c0b-4ef8-bb6d-6bb9bd380042	header	{"text": "Header 2"}	2	2026-01-19 13:44:36.457672
ad30e97b-731d-4128-81be-b3126207f821	33333333-9c0b-4ef8-bb6d-6bb9bd380043	header	{"text": "Header 1"}	1	2026-01-19 13:44:36.457672
61677db6-a8cf-4e91-8053-fb6577bf69b2	33333333-9c0b-4ef8-bb6d-6bb9bd380043	quote	{}	2	2026-01-19 13:44:36.457672
b5cc0c50-5529-493b-997c-27622a384954	33333333-9c0b-4ef8-bb6d-6bb9bd380043	paragraph	{"text": "This is some random text content for block 3."}	3	2026-01-19 13:44:36.457672
6a87d1c2-4345-4f91-95cf-44c89173092c	33333333-9c0b-4ef8-bb6d-6bb9bd380044	list	{"items": ["Item A", "Item B", "Item C"]}	1	2026-01-19 13:44:36.457672
effe9254-9ca1-436e-9124-8a9f3f1e78fa	33333333-9c0b-4ef8-bb6d-6bb9bd380044	list	{"items": ["Item A", "Item B", "Item C"]}	2	2026-01-19 13:44:36.457672
9abd9437-5a15-4b34-a6aa-35ffcb4c9b19	33333333-9c0b-4ef8-bb6d-6bb9bd380045	code	{}	1	2026-01-19 13:44:36.457672
d9240d1b-8cf2-4155-8fb7-edd4dd647148	33333333-9c0b-4ef8-bb6d-6bb9bd380045	code	{}	2	2026-01-19 13:44:36.457672
90739a15-533e-4e6b-8678-99cd3ddc9fe2	33333333-9c0b-4ef8-bb6d-6bb9bd380045	quote	{}	3	2026-01-19 13:44:36.457672
81992818-20ac-43b4-9b2c-172155953822	33333333-9c0b-4ef8-bb6d-6bb9bd380046	code	{}	1	2026-01-19 13:44:36.457672
3b3dfdea-0285-4ff1-9d71-acee856d1fa2	33333333-9c0b-4ef8-bb6d-6bb9bd380046	header	{"text": "Header 2"}	2	2026-01-19 13:44:36.457672
f3a0d7f9-8e2a-4135-95ef-4a20ef38c5fb	33333333-9c0b-4ef8-bb6d-6bb9bd380047	paragraph	{"text": "This is some random text content for block 1."}	1	2026-01-19 13:44:36.457672
1a41900c-816c-4ce6-b041-ac8f429203df	33333333-9c0b-4ef8-bb6d-6bb9bd380048	paragraph	{"text": "This is some random text content for block 1."}	1	2026-01-19 13:44:36.457672
4b7df19c-8a7f-44e9-8a52-8bedf6f1bb96	33333333-9c0b-4ef8-bb6d-6bb9bd380048	paragraph	{"text": "This is some random text content for block 2."}	2	2026-01-19 13:44:36.457672
3fcc895f-0ec9-43e6-ae28-177c4c7d68d9	33333333-9c0b-4ef8-bb6d-6bb9bd380049	quote	{}	1	2026-01-19 13:44:36.457672
5356e680-9230-4f55-bf9b-e065d68539a5	33333333-9c0b-4ef8-bb6d-6bb9bd380050	list	{"items": ["Item A", "Item B", "Item C"]}	1	2026-01-19 13:44:36.457672
a0af83e6-9cf0-4318-9132-4cec39bfad8b	33333333-9c0b-4ef8-bb6d-6bb9bd380051	paragraph	{"text": "This is some random text content for block 1."}	1	2026-01-19 13:44:36.457672
72ce90dd-dbc8-4898-a825-cd015e166afe	33333333-9c0b-4ef8-bb6d-6bb9bd380051	quote	{}	2	2026-01-19 13:44:36.457672
e9fe9841-df39-437b-83ac-f9b019d31ce7	33333333-9c0b-4ef8-bb6d-6bb9bd380051	header	{"text": "Header 3"}	3	2026-01-19 13:44:36.457672
b9e0bc8d-63fc-485c-9603-6fe7e2b2d89e	33333333-9c0b-4ef8-bb6d-6bb9bd380052	header	{"text": "Header 1"}	1	2026-01-19 13:44:36.457672
2128e745-4e0b-4bf9-b59c-78d298980435	33333333-9c0b-4ef8-bb6d-6bb9bd380052	header	{"text": "Header 2"}	2	2026-01-19 13:44:36.457672
7c77fd46-64a4-4d60-8c6a-808952a0c8a7	33333333-9c0b-4ef8-bb6d-6bb9bd380053	list	{"items": ["Item A", "Item B", "Item C"]}	1	2026-01-19 13:44:36.457672
c52c4f9f-e780-4646-b3e6-f2a3da659689	33333333-9c0b-4ef8-bb6d-6bb9bd380053	code	{}	2	2026-01-19 13:44:36.457672
e783aad2-f047-45b6-813b-cdbd4edb1e2a	33333333-9c0b-4ef8-bb6d-6bb9bd380054	code	{}	1	2026-01-19 13:44:36.457672
7441a97f-3d71-4e85-a797-5cf4915f18c8	33333333-9c0b-4ef8-bb6d-6bb9bd380054	quote	{}	2	2026-01-19 13:44:36.457672
f9e09675-99ea-4b7e-8559-e5dee2cb5c32	33333333-9c0b-4ef8-bb6d-6bb9bd380054	quote	{}	3	2026-01-19 13:44:36.457672
0de5e388-2e1e-4df6-a696-e816ebe6998f	33333333-9c0b-4ef8-bb6d-6bb9bd380055	paragraph	{"text": "This is some random text content for block 1."}	1	2026-01-19 13:44:36.457672
f665cc44-d09d-4169-8d05-399b09f2647f	33333333-9c0b-4ef8-bb6d-6bb9bd380055	paragraph	{"text": "This is some random text content for block 2."}	2	2026-01-19 13:44:36.457672
03cc55c5-67dc-4cc6-b0cd-021137bb0728	33333333-9c0b-4ef8-bb6d-6bb9bd380055	code	{}	3	2026-01-19 13:44:36.457672
\.


--
-- Data for Name: tags; Type: TABLE DATA; Schema: public; Owner: root
--

COPY public.tags (id, user_id, name, color, created_at, deleted_at, updated_at) FROM stdin;
11111111-9c0b-4ef8-bb6d-6bb9bd380001	a0eebc99-9c0b-4ef8-bb6d-6bb9bd380a11	Urgent	#FF0000	2026-01-19 13:44:36.457672	\N	2026-01-19 13:44:36.457672
11111111-9c0b-4ef8-bb6d-6bb9bd380002	a0eebc99-9c0b-4ef8-bb6d-6bb9bd380a11	Work	#0000FF	2026-01-19 13:44:36.457672	\N	2026-01-19 13:44:36.457672
11111111-9c0b-4ef8-bb6d-6bb9bd380003	a0eebc99-9c0b-4ef8-bb6d-6bb9bd380a11	Personal	#00FF00	2026-01-19 13:44:36.457672	\N	2026-01-19 13:44:36.457672
11111111-9c0b-4ef8-bb6d-6bb9bd380004	a0eebc99-9c0b-4ef8-bb6d-6bb9bd380a11	Ideas	#FFFF00	2026-01-19 13:44:36.457672	\N	2026-01-19 13:44:36.457672
11111111-9c0b-4ef8-bb6d-6bb9bd380005	a0eebc99-9c0b-4ef8-bb6d-6bb9bd380a11	Learning	#800080	2026-01-19 13:44:36.457672	\N	2026-01-19 13:44:36.457672
11111111-9c0b-4ef8-bb6d-6bb9bd380006	a0eebc99-9c0b-4ef8-bb6d-6bb9bd380a11	Design	#FFA500	2026-01-19 13:44:36.457672	\N	2026-01-19 13:44:36.457672
11111111-9c0b-4ef8-bb6d-6bb9bd380007	a0eebc99-9c0b-4ef8-bb6d-6bb9bd380a11	Coding	#800000	2026-01-19 13:44:36.457672	\N	2026-01-19 13:44:36.457672
11111111-9c0b-4ef8-bb6d-6bb9bd380008	a0eebc99-9c0b-4ef8-bb6d-6bb9bd380a11	Marketing	#008080	2026-01-19 13:44:36.457672	\N	2026-01-19 13:44:36.457672
11111111-9c0b-4ef8-bb6d-6bb9bd380009	a0eebc99-9c0b-4ef8-bb6d-6bb9bd380a11	Sales	#000080	2026-01-19 13:44:36.457672	\N	2026-01-19 13:44:36.457672
11111111-9c0b-4ef8-bb6d-6bb9bd380010	a0eebc99-9c0b-4ef8-bb6d-6bb9bd380a11	HR	#FFC0CB	2026-01-19 13:44:36.457672	\N	2026-01-19 13:44:36.457672
11111111-9c0b-4ef8-bb6d-6bb9bd380011	a0eebc99-9c0b-4ef8-bb6d-6bb9bd380a11	Finance	#4B0082	2026-01-19 13:44:36.457672	\N	2026-01-19 13:44:36.457672
11111111-9c0b-4ef8-bb6d-6bb9bd380012	a0eebc99-9c0b-4ef8-bb6d-6bb9bd380a11	Legal	#FFA500	2026-01-19 13:44:36.457672	\N	2026-01-19 13:44:36.457672
11111111-9c0b-4ef8-bb6d-6bb9bd380013	a0eebc99-9c0b-4ef8-bb6d-6bb9bd380a11	Health	#800000	2026-01-19 13:44:36.457672	\N	2026-01-19 13:44:36.457672
11111111-9c0b-4ef8-bb6d-6bb9bd380014	a0eebc99-9c0b-4ef8-bb6d-6bb9bd380a11	Travel	#008080	2026-01-19 13:44:36.457672	\N	2026-01-19 13:44:36.457672
11111111-9c0b-4ef8-bb6d-6bb9bd380015	a0eebc99-9c0b-4ef8-bb6d-6bb9bd380a11	Music	#000080	2026-01-19 13:44:36.457672	\N	2026-01-19 13:44:36.457672
11111111-9c0b-4ef8-bb6d-6bb9bd380016	a0eebc99-9c0b-4ef8-bb6d-6bb9bd380a11	Movies	#FFC0CB	2026-01-19 13:44:36.457672	\N	2026-01-19 13:44:36.457672
11111111-9c0b-4ef8-bb6d-6bb9bd380017	a0eebc99-9c0b-4ef8-bb6d-6bb9bd380a11	Books	#4B0082	2026-01-19 13:44:36.457672	\N	2026-01-19 13:44:36.457672
11111111-9c0b-4ef8-bb6d-6bb9bd380018	a0eebc99-9c0b-4ef8-bb6d-6bb9bd380a11	Gaming	#FFA500	2026-01-19 13:44:36.457672	\N	2026-01-19 13:44:36.457672
11111111-9c0b-4ef8-bb6d-6bb9bd380019	a0eebc99-9c0b-4ef8-bb6d-6bb9bd380a11	Tech	#800000	2026-01-19 13:44:36.457672	\N	2026-01-19 13:44:36.457672
11111111-9c0b-4ef8-bb6d-6bb9bd380020	a0eebc99-9c0b-4ef8-bb6d-6bb9bd380a11	Science	#008080	2026-01-19 13:44:36.457672	\N	2026-01-19 13:44:36.457672
11111111-9c0b-4ef8-bb6d-6bb9bd380021	a0eebc99-9c0b-4ef8-bb6d-6bb9bd380a11	History	#000080	2026-01-19 13:44:36.457672	\N	2026-01-19 13:44:36.457672
11111111-9c0b-4ef8-bb6d-6bb9bd380022	a0eebc99-9c0b-4ef8-bb6d-6bb9bd380a11	Art	#FFC0CB	2026-01-19 13:44:36.457672	\N	2026-01-19 13:44:36.457672
11111111-9c0b-4ef8-bb6d-6bb9bd380023	a0eebc99-9c0b-4ef8-bb6d-6bb9bd380a11	Food	#4B0082	2026-01-19 13:44:36.457672	\N	2026-01-19 13:44:36.457672
11111111-9c0b-4ef8-bb6d-6bb9bd380024	a0eebc99-9c0b-4ef8-bb6d-6bb9bd380a11	Fashion	#FFA500	2026-01-19 13:44:36.457672	\N	2026-01-19 13:44:36.457672
11111111-9c0b-4ef8-bb6d-6bb9bd380025	a0eebc99-9c0b-4ef8-bb6d-6bb9bd380a11	Sports	#800000	2026-01-19 13:44:36.457672	\N	2026-01-19 13:44:36.457672
\.


--
-- Data for Name: note_tags; Type: TABLE DATA; Schema: public; Owner: root
--

COPY public.note_tags (note_id, tag_id) FROM stdin;
33333333-9c0b-4ef8-bb6d-6bb9bd380001	11111111-9c0b-4ef8-bb6d-6bb9bd380002
33333333-9c0b-4ef8-bb6d-6bb9bd380001	11111111-9c0b-4ef8-bb6d-6bb9bd380004
33333333-9c0b-4ef8-bb6d-6bb9bd380004	11111111-9c0b-4ef8-bb6d-6bb9bd380003
33333333-9c0b-4ef8-bb6d-6bb9bd380026	11111111-9c0b-4ef8-bb6d-6bb9bd380019
33333333-9c0b-4ef8-bb6d-6bb9bd380028	11111111-9c0b-4ef8-bb6d-6bb9bd380021
33333333-9c0b-4ef8-bb6d-6bb9bd380022	11111111-9c0b-4ef8-bb6d-6bb9bd380025
33333333-9c0b-4ef8-bb6d-6bb9bd380026	11111111-9c0b-4ef8-bb6d-6bb9bd380008
33333333-9c0b-4ef8-bb6d-6bb9bd380035	11111111-9c0b-4ef8-bb6d-6bb9bd380020
33333333-9c0b-4ef8-bb6d-6bb9bd380040	11111111-9c0b-4ef8-bb6d-6bb9bd380001
33333333-9c0b-4ef8-bb6d-6bb9bd380051	11111111-9c0b-4ef8-bb6d-6bb9bd380006
33333333-9c0b-4ef8-bb6d-6bb9bd380021	11111111-9c0b-4ef8-bb6d-6bb9bd380019
33333333-9c0b-4ef8-bb6d-6bb9bd380027	11111111-9c0b-4ef8-bb6d-6bb9bd380012
33333333-9c0b-4ef8-bb6d-6bb9bd380012	11111111-9c0b-4ef8-bb6d-6bb9bd380019
33333333-9c0b-4ef8-bb6d-6bb9bd380004	11111111-9c0b-4ef8-bb6d-6bb9bd380005
33333333-9c0b-4ef8-bb6d-6bb9bd380051	11111111-9c0b-4ef8-bb6d-6bb9bd380018
33333333-9c0b-4ef8-bb6d-6bb9bd380018	11111111-9c0b-4ef8-bb6d-6bb9bd380007
33333333-9c0b-4ef8-bb6d-6bb9bd380021	11111111-9c0b-4ef8-bb6d-6bb9bd380005
33333333-9c0b-4ef8-bb6d-6bb9bd380050	11111111-9c0b-4ef8-bb6d-6bb9bd380024
33333333-9c0b-4ef8-bb6d-6bb9bd380011	11111111-9c0b-4ef8-bb6d-6bb9bd380025
33333333-9c0b-4ef8-bb6d-6bb9bd380040	11111111-9c0b-4ef8-bb6d-6bb9bd380017
33333333-9c0b-4ef8-bb6d-6bb9bd380021	11111111-9c0b-4ef8-bb6d-6bb9bd380009
33333333-9c0b-4ef8-bb6d-6bb9bd380017	11111111-9c0b-4ef8-bb6d-6bb9bd380021
33333333-9c0b-4ef8-bb6d-6bb9bd380023	11111111-9c0b-4ef8-bb6d-6bb9bd380017
33333333-9c0b-4ef8-bb6d-6bb9bd380043	11111111-9c0b-4ef8-bb6d-6bb9bd380023
33333333-9c0b-4ef8-bb6d-6bb9bd380054	11111111-9c0b-4ef8-bb6d-6bb9bd380008
33333333-9c0b-4ef8-bb6d-6bb9bd380024	11111111-9c0b-4ef8-bb6d-6bb9bd380013
33333333-9c0b-4ef8-bb6d-6bb9bd380051	11111111-9c0b-4ef8-bb6d-6bb9bd380009
33333333-9c0b-4ef8-bb6d-6bb9bd380037	11111111-9c0b-4ef8-bb6d-6bb9bd380018
33333333-9c0b-4ef8-bb6d-6bb9bd380019	11111111-9c0b-4ef8-bb6d-6bb9bd380009
33333333-9c0b-4ef8-bb6d-6bb9bd380036	11111111-9c0b-4ef8-bb6d-6bb9bd380002
33333333-9c0b-4ef8-bb6d-6bb9bd380012	11111111-9c0b-4ef8-bb6d-6bb9bd380024
33333333-9c0b-4ef8-bb6d-6bb9bd380003	11111111-9c0b-4ef8-bb6d-6bb9bd380023
33333333-9c0b-4ef8-bb6d-6bb9bd380035	11111111-9c0b-4ef8-bb6d-6bb9bd380002
\.


--
-- Data for Name: tasks; Type: TABLE DATA; Schema: public; Owner: root
--

COPY public.tasks (id, folder_id, note_id, title, status, priority, "position", due_date, started_at, completed_at, created_at, updated_at, deleted_at) FROM stdin;
44444444-9c0b-4ef8-bb6d-6bb9bd380001	22222222-9c0b-4ef8-bb6d-6bb9bd380001	33333333-9c0b-4ef8-bb6d-6bb9bd380001	Draft 3 hero copies	TODO	1	\N	2026-01-21 13:44:36.457672	\N	\N	2026-01-19 13:44:36.457672	\N	\N
44444444-9c0b-4ef8-bb6d-6bb9bd380002	22222222-9c0b-4ef8-bb6d-6bb9bd380001	\N	Hire UI Designer	IN_PROGRESS	2	\N	2026-01-26 13:44:36.457672	\N	\N	2026-01-19 13:44:36.457672	\N	\N
44444444-9c0b-4ef8-bb6d-6bb9bd380003	22222222-9c0b-4ef8-bb6d-6bb9bd380001	\N	Setup Staging Server	DONE	3	\N	2026-01-18 13:44:36.457672	\N	\N	2026-01-19 13:44:36.457672	\N	\N
44444444-9c0b-4ef8-bb6d-6bb9bd380004	22222222-9c0b-4ef8-bb6d-6bb9bd380002	33333333-9c0b-4ef8-bb6d-6bb9bd380003	Buy new running shoes	TODO	2	\N	2026-01-24 13:44:36.457672	\N	\N	2026-01-19 13:44:36.457672	\N	\N
44444444-9c0b-4ef8-bb6d-6bb9bd380005	22222222-9c0b-4ef8-bb6d-6bb9bd380005	\N	Categorize January expenses	TODO	1	\N	2026-01-22 13:44:36.457672	\N	\N	2026-01-19 13:44:36.457672	\N	\N
44444444-9c0b-4ef8-bb6d-6bb9bd380006	22222222-9c0b-4ef8-bb6d-6bb9bd380042	\N	Task 1 - Do something important	TODO	3	\N	2026-01-23 13:44:36.457672	\N	\N	2026-01-19 13:44:36.457672	\N	\N
44444444-9c0b-4ef8-bb6d-6bb9bd380007	22222222-9c0b-4ef8-bb6d-6bb9bd380034	\N	Task 2 - Do something important	IN_PROGRESS	1	\N	2026-01-17 13:44:36.457672	\N	\N	2026-01-19 13:44:36.457672	\N	\N
44444444-9c0b-4ef8-bb6d-6bb9bd380008	22222222-9c0b-4ef8-bb6d-6bb9bd380022	\N	Task 3 - Do something important	TODO	1	\N	2026-02-01 13:44:36.457672	\N	\N	2026-01-19 13:44:36.457672	\N	\N
44444444-9c0b-4ef8-bb6d-6bb9bd380009	22222222-9c0b-4ef8-bb6d-6bb9bd380027	\N	Task 4 - Do something important	DONE	2	\N	2026-01-22 13:44:36.457672	\N	\N	2026-01-19 13:44:36.457672	\N	\N
44444444-9c0b-4ef8-bb6d-6bb9bd380010	22222222-9c0b-4ef8-bb6d-6bb9bd380024	\N	Task 5 - Do something important	DONE	1	\N	2026-01-24 13:44:36.457672	\N	\N	2026-01-19 13:44:36.457672	\N	\N
44444444-9c0b-4ef8-bb6d-6bb9bd380011	22222222-9c0b-4ef8-bb6d-6bb9bd380024	33333333-9c0b-4ef8-bb6d-6bb9bd380021	Task 6 - Do something important	TODO	1	\N	2026-02-02 13:44:36.457672	\N	\N	2026-01-19 13:44:36.457672	\N	\N
44444444-9c0b-4ef8-bb6d-6bb9bd380012	22222222-9c0b-4ef8-bb6d-6bb9bd380004	\N	Task 7 - Do something important	DONE	2	\N	2026-01-28 13:44:36.457672	\N	\N	2026-01-19 13:44:36.457672	\N	\N
44444444-9c0b-4ef8-bb6d-6bb9bd380013	22222222-9c0b-4ef8-bb6d-6bb9bd380005	33333333-9c0b-4ef8-bb6d-6bb9bd380039	Task 8 - Do something important	IN_PROGRESS	3	\N	2026-02-02 13:44:36.457672	\N	\N	2026-01-19 13:44:36.457672	\N	\N
44444444-9c0b-4ef8-bb6d-6bb9bd380014	22222222-9c0b-4ef8-bb6d-6bb9bd380022	\N	Task 9 - Do something important	DONE	2	\N	2026-02-02 13:44:36.457672	\N	\N	2026-01-19 13:44:36.457672	\N	\N
44444444-9c0b-4ef8-bb6d-6bb9bd380015	22222222-9c0b-4ef8-bb6d-6bb9bd380034	33333333-9c0b-4ef8-bb6d-6bb9bd380049	Task 10 - Do something important	IN_PROGRESS	1	\N	2026-01-24 13:44:36.457672	\N	\N	2026-01-19 13:44:36.457672	\N	\N
44444444-9c0b-4ef8-bb6d-6bb9bd380016	22222222-9c0b-4ef8-bb6d-6bb9bd380018	\N	Task 11 - Do something important	DONE	1	\N	2026-01-21 13:44:36.457672	\N	\N	2026-01-19 13:44:36.457672	\N	\N
44444444-9c0b-4ef8-bb6d-6bb9bd380017	22222222-9c0b-4ef8-bb6d-6bb9bd380006	\N	Task 12 - Do something important	TODO	1	\N	2026-01-24 13:44:36.457672	\N	\N	2026-01-19 13:44:36.457672	\N	\N
44444444-9c0b-4ef8-bb6d-6bb9bd380018	22222222-9c0b-4ef8-bb6d-6bb9bd380002	\N	Task 13 - Do something important	TODO	3	\N	2026-01-15 13:44:36.457672	\N	\N	2026-01-19 13:44:36.457672	\N	\N
44444444-9c0b-4ef8-bb6d-6bb9bd380019	22222222-9c0b-4ef8-bb6d-6bb9bd380024	33333333-9c0b-4ef8-bb6d-6bb9bd380005	Task 14 - Do something important	IN_PROGRESS	3	\N	2026-02-01 13:44:36.457672	\N	\N	2026-01-19 13:44:36.457672	\N	\N
44444444-9c0b-4ef8-bb6d-6bb9bd380020	22222222-9c0b-4ef8-bb6d-6bb9bd380030	33333333-9c0b-4ef8-bb6d-6bb9bd380033	Task 15 - Do something important	IN_PROGRESS	1	\N	2026-01-14 13:44:36.457672	\N	\N	2026-01-19 13:44:36.457672	\N	\N
44444444-9c0b-4ef8-bb6d-6bb9bd380021	22222222-9c0b-4ef8-bb6d-6bb9bd380029	\N	Task 16 - Do something important	TODO	1	\N	2026-01-15 13:44:36.457672	\N	\N	2026-01-19 13:44:36.457672	\N	\N
44444444-9c0b-4ef8-bb6d-6bb9bd380022	22222222-9c0b-4ef8-bb6d-6bb9bd380006	\N	Task 17 - Do something important	TODO	3	\N	2026-01-18 13:44:36.457672	\N	\N	2026-01-19 13:44:36.457672	\N	\N
44444444-9c0b-4ef8-bb6d-6bb9bd380023	22222222-9c0b-4ef8-bb6d-6bb9bd380022	\N	Task 18 - Do something important	IN_PROGRESS	1	\N	2026-01-15 13:44:36.457672	\N	\N	2026-01-19 13:44:36.457672	\N	\N
44444444-9c0b-4ef8-bb6d-6bb9bd380024	22222222-9c0b-4ef8-bb6d-6bb9bd380003	\N	Task 19 - Do something important	IN_PROGRESS	3	\N	2026-01-15 13:44:36.457672	\N	\N	2026-01-19 13:44:36.457672	\N	\N
44444444-9c0b-4ef8-bb6d-6bb9bd380025	22222222-9c0b-4ef8-bb6d-6bb9bd380035	\N	Task 20 - Do something important	DONE	2	\N	2026-01-28 13:44:36.457672	\N	\N	2026-01-19 13:44:36.457672	\N	\N
44444444-9c0b-4ef8-bb6d-6bb9bd380026	22222222-9c0b-4ef8-bb6d-6bb9bd380030	\N	Task 21 - Do something important	DONE	1	\N	2026-01-31 13:44:36.457672	\N	\N	2026-01-19 13:44:36.457672	\N	\N
44444444-9c0b-4ef8-bb6d-6bb9bd380027	22222222-9c0b-4ef8-bb6d-6bb9bd380032	33333333-9c0b-4ef8-bb6d-6bb9bd380050	Task 22 - Do something important	DONE	1	\N	2026-01-29 13:44:36.457672	\N	\N	2026-01-19 13:44:36.457672	\N	\N
44444444-9c0b-4ef8-bb6d-6bb9bd380028	22222222-9c0b-4ef8-bb6d-6bb9bd380009	\N	Task 23 - Do something important	IN_PROGRESS	3	\N	2026-01-24 13:44:36.457672	\N	\N	2026-01-19 13:44:36.457672	\N	\N
44444444-9c0b-4ef8-bb6d-6bb9bd380029	22222222-9c0b-4ef8-bb6d-6bb9bd380049	\N	Task 24 - Do something important	DONE	2	\N	2026-01-19 13:44:36.457672	\N	\N	2026-01-19 13:44:36.457672	\N	\N
44444444-9c0b-4ef8-bb6d-6bb9bd380030	22222222-9c0b-4ef8-bb6d-6bb9bd380003	\N	Task 25 - Do something important	TODO	3	\N	2026-01-25 13:44:36.457672	\N	\N	2026-01-19 13:44:36.457672	\N	\N
44444444-9c0b-4ef8-bb6d-6bb9bd380031	22222222-9c0b-4ef8-bb6d-6bb9bd380037	\N	Task 26 - Do something important	DONE	1	\N	2026-01-30 13:44:36.457672	\N	\N	2026-01-19 13:44:36.457672	\N	\N
44444444-9c0b-4ef8-bb6d-6bb9bd380032	22222222-9c0b-4ef8-bb6d-6bb9bd380011	33333333-9c0b-4ef8-bb6d-6bb9bd380042	Task 27 - Do something important	IN_PROGRESS	2	\N	2026-01-20 13:44:36.457672	\N	\N	2026-01-19 13:44:36.457672	\N	\N
44444444-9c0b-4ef8-bb6d-6bb9bd380033	22222222-9c0b-4ef8-bb6d-6bb9bd380023	\N	Task 28 - Do something important	TODO	2	\N	2026-01-24 13:44:36.457672	\N	\N	2026-01-19 13:44:36.457672	\N	\N
44444444-9c0b-4ef8-bb6d-6bb9bd380034	22222222-9c0b-4ef8-bb6d-6bb9bd380016	\N	Task 29 - Do something important	TODO	2	\N	2026-01-21 13:44:36.457672	\N	\N	2026-01-19 13:44:36.457672	\N	\N
44444444-9c0b-4ef8-bb6d-6bb9bd380035	22222222-9c0b-4ef8-bb6d-6bb9bd380018	\N	Task 30 - Do something important	TODO	2	\N	2026-01-26 13:44:36.457672	\N	\N	2026-01-19 13:44:36.457672	\N	\N
44444444-9c0b-4ef8-bb6d-6bb9bd380036	22222222-9c0b-4ef8-bb6d-6bb9bd380016	\N	Task 31 - Do something important	TODO	1	\N	2026-02-01 13:44:36.457672	\N	\N	2026-01-19 13:44:36.457672	\N	\N
44444444-9c0b-4ef8-bb6d-6bb9bd380037	22222222-9c0b-4ef8-bb6d-6bb9bd380034	33333333-9c0b-4ef8-bb6d-6bb9bd380028	Task 32 - Do something important	IN_PROGRESS	2	\N	2026-01-28 13:44:36.457672	\N	\N	2026-01-19 13:44:36.457672	\N	\N
44444444-9c0b-4ef8-bb6d-6bb9bd380038	22222222-9c0b-4ef8-bb6d-6bb9bd380040	\N	Task 33 - Do something important	IN_PROGRESS	3	\N	2026-01-23 13:44:36.457672	\N	\N	2026-01-19 13:44:36.457672	\N	\N
44444444-9c0b-4ef8-bb6d-6bb9bd380039	22222222-9c0b-4ef8-bb6d-6bb9bd380034	\N	Task 34 - Do something important	TODO	1	\N	2026-02-02 13:44:36.457672	\N	\N	2026-01-19 13:44:36.457672	\N	\N
44444444-9c0b-4ef8-bb6d-6bb9bd380040	22222222-9c0b-4ef8-bb6d-6bb9bd380025	33333333-9c0b-4ef8-bb6d-6bb9bd380005	Task 35 - Do something important	DONE	1	\N	2026-01-29 13:44:36.457672	\N	\N	2026-01-19 13:44:36.457672	\N	\N
44444444-9c0b-4ef8-bb6d-6bb9bd380041	22222222-9c0b-4ef8-bb6d-6bb9bd380017	\N	Task 36 - Do something important	DONE	1	\N	2026-01-28 13:44:36.457672	\N	\N	2026-01-19 13:44:36.457672	\N	\N
44444444-9c0b-4ef8-bb6d-6bb9bd380042	22222222-9c0b-4ef8-bb6d-6bb9bd380006	\N	Task 37 - Do something important	IN_PROGRESS	1	\N	2026-01-19 13:44:36.457672	\N	\N	2026-01-19 13:44:36.457672	\N	\N
44444444-9c0b-4ef8-bb6d-6bb9bd380043	22222222-9c0b-4ef8-bb6d-6bb9bd380039	\N	Task 38 - Do something important	IN_PROGRESS	3	\N	2026-01-17 13:44:36.457672	\N	\N	2026-01-19 13:44:36.457672	\N	\N
44444444-9c0b-4ef8-bb6d-6bb9bd380044	22222222-9c0b-4ef8-bb6d-6bb9bd380015	\N	Task 39 - Do something important	DONE	3	\N	2026-01-28 13:44:36.457672	\N	\N	2026-01-19 13:44:36.457672	\N	\N
44444444-9c0b-4ef8-bb6d-6bb9bd380045	22222222-9c0b-4ef8-bb6d-6bb9bd380026	\N	Task 40 - Do something important	TODO	3	\N	2026-01-27 13:44:36.457672	\N	\N	2026-01-19 13:44:36.457672	\N	\N
44444444-9c0b-4ef8-bb6d-6bb9bd380046	22222222-9c0b-4ef8-bb6d-6bb9bd380038	33333333-9c0b-4ef8-bb6d-6bb9bd380047	Task 41 - Do something important	TODO	1	\N	2026-01-27 13:44:36.457672	\N	\N	2026-01-19 13:44:36.457672	\N	\N
44444444-9c0b-4ef8-bb6d-6bb9bd380047	22222222-9c0b-4ef8-bb6d-6bb9bd380030	33333333-9c0b-4ef8-bb6d-6bb9bd380034	Task 42 - Do something important	TODO	1	\N	2026-01-21 13:44:36.457672	\N	\N	2026-01-19 13:44:36.457672	\N	\N
44444444-9c0b-4ef8-bb6d-6bb9bd380048	22222222-9c0b-4ef8-bb6d-6bb9bd380034	\N	Task 43 - Do something important	TODO	3	\N	2026-01-30 13:44:36.457672	\N	\N	2026-01-19 13:44:36.457672	\N	\N
44444444-9c0b-4ef8-bb6d-6bb9bd380049	22222222-9c0b-4ef8-bb6d-6bb9bd380016	33333333-9c0b-4ef8-bb6d-6bb9bd380035	Task 44 - Do something important	IN_PROGRESS	2	\N	2026-01-18 13:44:36.457672	\N	\N	2026-01-19 13:44:36.457672	\N	\N
44444444-9c0b-4ef8-bb6d-6bb9bd380050	22222222-9c0b-4ef8-bb6d-6bb9bd380026	\N	Task 45 - Do something important	IN_PROGRESS	1	\N	2026-01-18 13:44:36.457672	\N	\N	2026-01-19 13:44:36.457672	\N	\N
44444444-9c0b-4ef8-bb6d-6bb9bd380051	22222222-9c0b-4ef8-bb6d-6bb9bd380025	\N	Task 46 - Do something important	IN_PROGRESS	1	\N	2026-01-24 13:44:36.457672	\N	\N	2026-01-19 13:44:36.457672	\N	\N
44444444-9c0b-4ef8-bb6d-6bb9bd380052	22222222-9c0b-4ef8-bb6d-6bb9bd380007	\N	Task 47 - Do something important	IN_PROGRESS	2	\N	2026-01-14 13:44:36.457672	\N	\N	2026-01-19 13:44:36.457672	\N	\N
44444444-9c0b-4ef8-bb6d-6bb9bd380053	22222222-9c0b-4ef8-bb6d-6bb9bd380008	\N	Task 48 - Do something important	TODO	1	\N	2026-01-29 13:44:36.457672	\N	\N	2026-01-19 13:44:36.457672	\N	\N
44444444-9c0b-4ef8-bb6d-6bb9bd380054	22222222-9c0b-4ef8-bb6d-6bb9bd380042	\N	Task 49 - Do something important	TODO	1	\N	2026-01-30 13:44:36.457672	\N	\N	2026-01-19 13:44:36.457672	\N	\N
44444444-9c0b-4ef8-bb6d-6bb9bd380055	22222222-9c0b-4ef8-bb6d-6bb9bd380029	\N	Task 50 - Do something important	TODO	2	\N	2026-01-30 13:44:36.457672	\N	\N	2026-01-19 13:44:36.457672	\N	\N
\.


--
-- PostgreSQL database dump complete
--

\unrestrict n0ZhvkN6JNNrqwc2orrA6Twv2PHbaoSHjOhnG9afvwh8xAxDefg5X9spEj0vEBD

